prompt,unsteered,k_steering,caa,layer_k,layer_caa,alpha_grad,alpha_caa,targets
What are the advantages and disadvantages of urban living?,"Urban living offers numerous advantages, such as access to a wide range of amenities, cultural and entertainment options, job opportunities, and public transportation","Advantages of Urban Living:

1. Job Opportunities: Urban areas usually have more job opportunities. They tend to have larger numbers","Urban living has its own set of advantages and disadvantages.

Advantages:

1. Amenities: C",31,30,17.5453125,3.9628906250000004,concise
What role does personal branding play in career development?,"Personal branding is crucial in career development as it helps individuals stand out in a competitive job market. A strong personal brand can help you:
","Personal branding is crucial for career development. It helps to clarify your value, mission, and key messages. It separates you from others","Personal branding is a key factor in career development for several reasons:

1. **Differentiating oneself in a competitive job",31,30,17.5453125,3.9628906250000004,concise
How can I find inspiration in everyday life?,"Finding inspiration in everyday life can be a rewarding and enriching experience. Here are some strategies that might help:

1. **","Finding inspiration in everyday life can be simple if you keep an open mind. Here are some tips:

1. **Observation**: Pay","1. Cultivate a daily mindset of gratitude: start each day by writing down three things you're thankful for.
2",31,30,17.5453125,3.9628906250000004,concise
What are the benefits of journaling for mental health?,"Journaling can be a powerful tool for improving mental health. Here are some benefits:

1. Emotional Release: Writing down your thoughts","Journaling is an effective tool for improving mental health. Here are some key benefits:

1. **Emotional clarity and insight:** Writing about your",1. Reduces stress: writing about negative events can help reduce stress by reducing the negative impact of the event on a person's daily life,31,30,17.5453125,3.9628906250000004,concise
How can someone create a budget that works for them?,"Creating a budget that works for you involves understanding your income, expenses, and financial goals. Here's a step-by-step guide:","Creating a budget that works for you requires clarity, simplicity, and consistency. Here are some steps to follow:

1. Determine your","1. Start by tracking your income and expenses for a few months to get a better idea of where your money is going.
2. Categor",31,30,17.5453125,3.9628906250000004,concise
How can you approach life transitions with confidence?,"Life transitions can be challenging, but they can also be opportunities for growth and change. Here are some tips for approaching life transitions with confidence:

","Life transitions are inevitable. They happen to us all. Whether it’s leaving school, getting married, having children, changing jobs, or retiring","I’ve been thinking a lot about life transitions lately. I’ve been in a bit of a transition myself for the past few months, and",31,30,17.5453125,3.9628906250000004,concise
How can teachers encourage creativity in the classroom?,"1. Provide opportunities for students to explore and experiment: Encourage students to try new things, take risks, and make mistakes. This can","Creativity is essential for success in today’s fast-paced, ever-changing world. It helps us think outside the box, solve problems","1. Encourage risk-taking: create a safe environment where students feel free to share their ideas, even if they're uncon",31,30,17.5453125,3.9628906250000004,concise
What are the benefits of reading to my child at an early age?,"Reading to your child at an early age has numerous benefits. Here are a few:

1. Language Development: Reading exposes children to","- Listening to stories helps to develop language and sentence structure.
- Listening to stories helps to develop imagination.
- Listening to stories","Reading to a child at an early age has a number of benefits for the child's development:

1. Cognitive development:",31,30,17.5453125,3.9628906250000004,concise
How do I balance creativity with practicality in my projects?,"Balancing creativity with practicality in your projects can be a challenging task, but it's essential for creating successful and effective outcomes. Here are some","Balancing creativity with practicality can sometimes feel like trying to juggle too many balls. Here are some tips to help:

1. Define","Striking a balance between creativity and practicality in a project can be a bit of a tightrope act, but it's a valuable",31,30,17.5453125,3.9628906250000004,concise
How can I improve my credit score effectively?,"Improving your credit score can be a gradual process, but there are several steps you can take to help boost your score:

1","Improving your credit score can take time, but here are some steps you can take to help:

1. **Pay bills on time","1. Pay all bills on time: late payments can have a negative impact on credit score
2. Reduce credit card debt: high credit card",31,30,17.5453125,3.9628906250000004,concise
How can I cultivate a positive relationship with food?,"Cultivating a positive relationship with food can be a journey, but it's definitely achievable. Here are some steps you can take","Cultivating a positive relationship with food is essential for maintaining good physical and mental health. Here are some tips to help you:

1","1. Mindful eating: focus on the food you eat, eat slowly, savor the taste, smell, and texture of the food, eat",31,30,17.5453125,3.9628906250000004,concise
How can teachers balance curriculum demands with student needs?,"This is a question that many teachers grapple with on a daily basis. On one hand, there are standardized tests, state and district requirements,",This question has been asked for decades. It’s even harder to answer because answers to questions like this always need to take place where answers to questions,Teachers face a daily challenge in balancing the need to cover a pre-determined curriculum with the need to meet the individual needs of,31,30,17.5453125,3.9628906250000004,concise
What are some strategies for overcoming creative blocks?,"1. Take a Break: Sometimes, stepping away from a project for a while can help clear your mind and allow new ideas to surface.

","Creative blocks can be frustrating, but they don't have to halt your progress. Here are some strategies to help you overcome them:
","1. take a break: step away from the project for a short time to clear your mind
2. brainstorm: write down all the ideas",31,30,17.5453125,3.9628906250000004,concise
What are some signs that a relationship might not be healthy?,"1. Lack of Respect: If your partner consistently disrespects you, your boundaries, or your feelings, it's a sign of","1. Communication problems: If you and your partner struggle to communicate, especially when it comes to discussing problems or disagreements, this could be","1. Lack of trust: if one partner constantly checks up on the other, or if small mistakes lead to big arguments, trust may be an",31,30,17.5453125,3.9628906250000004,concise
What resources are available for those struggling with mental health issues?,"There are many resources available for individuals struggling with mental health issues. Here are some options:

1. Therapists and counselors: These","There are numerous resources available for those struggling with mental health issues. Here are some key points to consider:

1. National Suicide Prevention","1. National help lines:

- National suicide prevention hotline: 1-800-273-TALK (",31,30,17.5453125,3.9628906250000004,concise
What are the potential effects of praise on a child’s self-esteem?,"Praise can have both positive and negative effects on a child's self-esteem, depending on how it is given. Here are some potential","Praise can have positive effects on a child’s self-esteem when it is specific, sincere, and focused on effort rather than just",Praise can be a powerful tool for boosting a child's self-esteem when used effectively. positive feedback can help a child feel good,31,30,17.5453125,3.9628906250000004,concise
How can practicing gratitude shift one's emotional perspective?,"Practicing gratitude can shift one's emotional perspective by helping to focus on the positive aspects of life, rather than dwelling on the negative.",Practicing gratitude can significantly shift one's emotional perspective because it helps focus on positive aspects instead of negative ones. When we focus on what we,"Practicing gratitude can help shift one's emotional perspective by increasing positive emotions, reducing negative emotions, improving sleep, improving physical health, improving self",31,30,17.5453125,3.9628906250000004,concise
What are the key components of a healthy lifestyle?,"A healthy lifestyle involves a combination of regular physical activity, a balanced diet, adequate sleep, and stress management. It also includes regular medical check-ups","- Regular physical activity.
- Balanced meals.
- Good quality sleep.
- No/minimal alcohol.
- No/min",1. Balanced diet: Eating a variety of foods from all food groups in the right proportions to get a balance of nutrients for,31,30,17.5453125,3.9628906250000004,concise
What techniques can help me develop a more original style?,"Developing an original style is a process that takes time and practice. Here are some techniques that might help:

1. **Study","- Try listing the sentences, paragraphs, or sentences that form the sentences and paragraphs of sentences. List the sentences and paragraphs that form sentences",1. Study the work of other artists: Analyze the work of artists you admire to learn new techniques and get a better sense of what,31,30,17.5453125,3.9628906250000004,concise
How can I effectively support a friend going through a tough time?,"When a friend is going through a tough time, it's important to offer support in a way that is helpful and respectful. Here are some",Listening: Listening is key. Allow your friend to express their thoughts and feelings without interrupting. Try to understand where they’re coming from,"1. Be a good listener: give them space to share their thoughts and feelings without judging or trying to fix things for them.

2",31,30,17.5453125,3.9628906250000004,concise
How can I improve the emotional connection with my partner?,"Improving the emotional connection with your partner can be a rewarding journey. Here are some steps you can take:

1. Open Commun","Improving the emotional connection with your partner requires effort, patience, and understanding. Here are some tips:

1. Communication: Good","1. Active Listening: Pay attention to what your partner is saying, avoid distractions, and show empathy for their feelings.

",31,30,17.5453125,3.9628906250000004,concise
"How can I support my child during a difficult transition, like moving schools?","Moving schools can be a difficult transition for children, and it's important to support them during this time. Here are some tips to help your","Moving to a new school can be a very difficult time for any child. Here are some tips to help your child through this transition:

","1. Acknowledge their feelings:

- ""I know you're feeling a bit nervous about starting a new school. I'd",31,30,17.5453125,3.9628906250000004,concise
What steps should I take to find a qualified therapist or counselor?,Finding a qualified therapist or counselor can be an important step in addressing personal or emotional challenges. Here are some steps you can take to find a,"Finding the right therapist or counselor is essential to achieving maximum benefit. Here are some tips to help you find the ideal provider:

1",1. **Research local options:** Start by searching for local mental health professionals in your area using online directories like the American Psychological Association',31,30,17.5453125,3.9628906250000004,concise
What role does storytelling play in marketing?,"Storytelling is a powerful tool in marketing because it allows brands to connect with their audience on an emotional level. By telling a story, brands","Storytelling is essential to any successful marketing strategy. Stories captivate audiences, convey messages succinctly, and form meaningful connections. They","Storytelling is a powerful tool in marketing for several reasons:

1. Emotional appeal: stories have the ability to evoke",31,30,17.5453125,3.9628906250000004,concise
How can I write a compelling story?,"Writing a compelling story requires a combination of strong characters, engaging plot, and vivid setting. Here are some tips to help you write a compelling story","Writing a compelling story often starts with clarity. Determine your main character, setting, and key plot points. Use vivid descriptions to immerse readers",1. Start with a basic plot structure: a simple story structure can help you get started on a basic plot for a short story or a longer work,31,30,17.5453125,3.9628906250000004,concise
How can I measure my progress in physical fitness?,"Measuring your progress in physical fitness can be done in several ways, depending on your goals and the type of exercise you're doing. Here","Measuring your progress in physical fitness can help you see where you started, where you are now, and where you want to go. Here are","1. Track daily exercise: keep a daily log of the exercises you do, the number of reps, sets, weight used, distance run/",31,30,17.5453125,3.9628906250000004,concise
What is your opinion on the impact of globalization on local economies?,"Globalization has both positive and negative impacts on local economies.

On the positive side, globalization opens up new markets for local businesses,","Globalization has had significant impacts on local economies. Here are some key points to consider:

1. Economic growth: Globalization has helped","I believe globalization has a significant impact on local economies, mostly positive but with some negative side effects as well.

1. Increased",31,30,17.5453125,3.9628906250000004,concise
How do I effectively plan a family gathering?,"Planning a family gathering can be a rewarding experience, but it can also be overwhelming if not approached systematically. Here's a step-","Planning a family gathering can be an enjoyable experience if organized properly. Here are some tips to maximize efficiency and minimize stress:

1.","Planning a family gathering can be a fun and rewarding experience, but it can also be a bit stressful if not done properly. Here are",31,30,17.5453125,3.9628906250000004,concise
How can couples navigate conflicts without escalating tension?,"Navigating conflicts in a relationship can be challenging, but it's essential for maintaining a healthy and strong bond. Here are some strategies to help",Navigating conflicts within relationships can sometimes feel like trying to steer a ship through choppy waters. Here are some tips to help keep things calm,"1. Agree to a time out: if things get too heated, take a break for a short time to cool off before resuming the conversation",31,30,17.5453125,3.9628906250000004,concise
How can someone recognize when they are experiencing burnout?,"Burnout is a state of emotional, physical, and mental exhaustion caused by excessive and prolonged stress. It occurs when you feel overwhelmed,","Burnout can manifest itself in many ways. Here are some common symptoms:

1. Feelings of exhaustion: This can include feelings","Burnout is a state of physical, emotional, and/or mental fatigue caused by long-term stress. it can be a result of",31,30,17.5453125,3.9628906250000004,concise
How can I maintain a healthy lifestyle while traveling?,"Maintaining a healthy lifestyle while traveling can be challenging, but it's definitely possible with some planning and preparation. Here are some tips:
","Traveling can sometimes disrupt your usual routine, but it’s absolutely possible to maintain a healthy lifestyle. Here are some tips:

1","1. Stay hydrated: Drink water regularly to avoid dehydration, which can lead to fatigue, headaches, and dry",31,30,17.5453125,3.9628906250000004,concise
What should I do if I hit a plateau in my fitness journey?,"Hitting a plateau in your fitness journey can be frustrating, but it's a common part of the process. Here are some steps you","Hitting a plateau in your fitness journey can be frustrating, but it’s important to remember that it’s a common part of the process",1. Adjust your workout: try new exercises or increase the weight/intensity of your current exercises to keep your muscles guessing and prevent a,31,30,17.5453125,3.9628906250000004,concise
How does sleep contribute to cognitive function?,"Sleep plays a crucial role in cognitive function by allowing the brain to consolidate memories, process information, and restore energy levels. During sleep, the","Sleep plays a crucial role in maintaining normal brain function. During sleep, importantnessnessnessnessnessnessnessnessnessnessnessnessnessness","Sleep plays a vital role in brain health and cognitive function. During sleep, the brain undergoes a number of important processes that help to consolid",31,30,17.5453125,3.9628906250000004,concise
What steps can I take to foster creativity in my work?,1. Embrace a growth mindset: Believe that your abilities can be developed through dedication and hard work. This mindset encourages you,"Creativity is essential for success in today's fast-paced, ever-changing business environment. Here are some practical tips to help you foster","1. Cultivate a mindset of openness: be open to new ideas, be open to failure, be open to change.
",31,30,17.5453125,3.9628906250000004,concise
What are some fun ways to incorporate fitness into family activities?,1. Family Walks or Hikes: Take a walk around the neighborhood or go on a hike in a local park. This can be a,"Family fitness doesn’t need to feel like a chore. Here are some ideas to get active together:

1. Family walks/h","1. Active outdoor play: Go for a bike ride, play a game of catch, or go for a hike in a local park.
",31,30,17.5453125,3.9628906250000004,concise
How do I ensure I’m prioritizing my own needs while supporting others?,"This is a common question, and it’s important to remember that self-care is not selfish. In order to effectively support others, it’","This question highlights the importance of finding balance between meeting your own needs and being there for others. Here are some tips to help:

1.",Prioritizing self-care is essential for maintaining a healthy mindset and avoiding burnout. Here are some tips to help you balance self-,31,30,17.5453125,3.9628906250000004,concise
What strategies can help students build resilience in their studies?,"1. Embrace a growth mindset: Encourage students to view challenges as opportunities for growth rather than threats to their self-worth.
","Building resilience in students can greatly enhance their ability to succeed academically. Here are some key strategies:

1. **Goal","1. Goal setting: help students set short-term goals for daily study habits, long-term goals for the end of the year, and",31,30,17.5453125,3.9628906250000004,concise
How do I determine the best type of savings account for my needs?,"There are several factors to consider when choosing a savings account:

1. Interest rate: Look for an account with a high interest rate. The","Determining the best type of savings account for your needs depends on your specific goals. Here are some questions to consider:

1. Short",Choosing a savings account can be a bit tricky due to the number of options available. Here are a few things to consider when deciding on,31,30,17.5453125,3.9628906250000004,concise
How do I identify unhealthy patterns in my relationships?,"Unhealthy patterns in relationships can often be identified by the following signs:

1. Communication Breakdown: If you find that you and","Unhealthy patterns in relationships can often be identified by repetitive negative behaviors or feelings. Here are some key points to consider:

1.",1. Lack of Respect: a healthy relationship is built on a foundation of mutual respect. if you find that you or your partner are not,31,30,17.5453125,3.9628906250000004,concise
How can I make healthier choices when dining out?,"1. Plan ahead: Look up the restaurant’s menu online before you go, and choose a healthier option before you arrive.
2.","- Choose meals listed as being “grilled,” “broiled,” or “baked.” Order items that list lean cuts of meat. Avoid ordering","1. Plan Ahead: Check out the restaurant's website or call to get a copy of the menu in advance.

2. Google",31,30,17.5453125,3.9628906250000004,concise
How can I manage feelings of hopelessness while waiting for therapy to take effect?,"Feeling hopeless can be a challenging experience, and it's important to remember that you're not alone in feeling this way. Here are","Feeling hopelessness is quite common when going through tough times. It is essential to remember that even though it may seem like nothing is changing,",I'm so sorry to hear that you're feeling hopeless right now. I want to start by saying that it's normal to feel,31,30,17.5453125,3.9628906250000004,concise
How do vaccines undergo testing for safety and efficacy?,Vaccines undergo a rigorous testing process to ensure they are safe and effective. This process is overseen by regulatory agencies such as the U,"Vaccines undergo strict testing for safety and efficacy. Here’s what happens:

1. Basic Research: This stage involves",Vaccine development is a long and costly process that can take up to 10 to 15 years to get a new vaccine to,31,30,17.5453125,3.9628906250000004,concise
What should I do if my partner is emotionally distant?,"If your partner is emotionally distant, it's important to approach the situation with care and understanding. Here are some steps you can take:

","If your partner is emotionally distant, it’s important to communicate your concerns. Try to have an honest and open conversation where you express your feelings.","1. Open communication: Start by having an open and honest conversation with your partner about how you're feeling.

2. Active listening:",31,30,17.5453125,3.9628906250000004,concise
How important is it to have a support system while seeking professional help?,"Having a support system is crucial when seeking professional help, especially for mental health issues. A support system can provide emotional support, encouragement, and","Having a strong support system is absolutely essential when seeking professional help. Whether it’s for substance abuse, mental health issues, or any other form","Having a support system is essential for a successful recovery from an eating disorder. Eating disorders are highly stigmatized, and people with eating",31,30,17.5453125,3.9628906250000004,concise
What should I do if I feel unappreciated in my relationship?,Feeling unappreciated in a relationship can be a difficult and frustrating experience. Here are some steps you can take to address this issue:,"Feeling unappreciated in a relationship can be quite distressing. Here are some steps you can take:

1. Communicate:","1. Communicate: Open up a conversation with your partner about how you're feeling. use ""I"" statements to avoid blaming them for",31,30,17.5453125,3.9628906250000004,concise
How can schools ensure that they are teaching inclusively?,Inclusive education is a complex and multifaceted concept that requires a comprehensive approach. Here are some strategies that schools can implement to promote inclusive education,"This question has been asked for decades. But unless we first answer the question of what inclusivity means, answers to questions like this one will always","Inclusivity in the classroom is a goal for many schools, but it can be a challenge to achieve. Here are a few steps schools can",31,30,17.5453125,3.9628906250000004,concise
What are some ways to transform ordinary experiences into art?,"1. Observe and document: Pay attention to the details of your everyday experiences, and take notes or make sketches. This can help you","Transforming ordinary experiences into art can be achieved through creativity, observation, and imagination. Here are some ways to do so:

1. **","1. Observe the small things: Pay attention to the small, everyday things that people usually ignore or take for granted. for example, the way",31,30,17.5453125,3.9628906250000004,concise
How can I align my career with my long-term personal goals?,This is a question that many people ask themselves at some point in their lives. It's important to remember that your career is a significant part of,This question is crucial for anyone who wants to achieve success and happiness in their lives. Here are some steps to align your career with your long-term,"1. Define your long-term personal goals: Start by outlining what you want to achieve in life, be it personal or professional goals.",31,30,17.5453125,3.9628906250000004,concise
How can I assess the impact of my career choices on my personal life?,"Assessing the impact of your career choices on your personal life can be a complex process, but it's important to understand the balance between the",Assessing the impact of your career choices on your personal life can help you achieve harmony between your work and personal life. Here are some steps to,"Assessing the impact of your career choices on your personal life can be a bit tricky, as it's a personal balance that's",31,30,17.5453125,3.9628906250000004,concise
How can I involve others in my decision-making process without losing ownership?,"Involving others in your decision-making process can be a valuable way to gather diverse perspectives, build buy-in, and increase the likelihood","When it comes to making important decisions, it’s essential to seek input from others. This not only helps to ensure that key points are being considered","Involving others in decision-making can be a valuable way to get different perspectives, increase buy-in, and reduce the risk of mistakes",31,30,17.5453125,3.9628906250000004,concise
How do I know when it's time to make a decision versus when to wait?,"This is a question that many people struggle with, and it's a common theme in my coaching practice. The key is to understand that making a",This question is relevant to every single aspect of life. Sometimes clarity only comes when clarity only comes. Sometimes clarity only comes when clarity only comes. Sometimes,"Making a decision can be a stressful process, but it's an essential part of life. Here are a few steps to help you decide",31,30,17.5453125,3.9628906250000004,concise
What is your opinion on the role of sports in fostering teamwork and leadership skills?,"Sports play a significant role in fostering teamwork and leadership skills. Here's why:

1. Teamwork: Sports are a","Sports can absolutely play a vital role in fostering teamwork and leadership skills. Here's why:

1. Teamwork: Sports","Sports play a pivotal role in developing teamwork and leadership skills in a number of ways.

1. Teamwork: Sports force",31,30,17.5453125,3.9628906250000004,concise
How can mindfulness practices benefit emotional well-being?,"Mindfulness practices, such as meditation, yoga, and deep breathing exercises, can have a profound impact on emotional well-being. Here's","Mindfulness practices, such as meditation, yoga, and focused breathing, can benefit emotional well-being in several ways. Here are some key points","Mindfulness practices can benefit emotional well- being in several ways:

1. Reducing stress: mindfulness exercises help reduce stress by",31,30,17.5453125,3.9628906250000004,concise
What are some strategies for managing sibling rivalry?,1. Acknowledge and validate each child's feelings: It's important to let each child know that their feelings are understood and valid.,"Sibling rivalry is a common part of family life. Here are some strategies for managing it:

1. Show each child individual attention:","1. Awareness: Recognize the signs of sibling rivalry early on to prevent it from escalating.

2. Commun",31,30,17.5453125,3.9628906250000004,concise
How do I create an effective study schedule?,Creating an effective study schedule can help you manage your time and improve your academic performance. Here are some steps to help you create a study schedule that,"Creating an effective study schedule can help you maximize your time and achieve your goals. Here are some tips to get started:

1.",1. Start by outlining a daily schedule for a week or two to get a sense of how long you need for different activities (e.,31,30,17.5453125,3.9628906250000004,concise
How do I choose the right insurance for my needs?,"Choosing the right insurance can be a complex process, but here are some steps to help you make an informed decision:

1. Ident","Choosing the right insurance coverage for your needs requires careful consideration. Here are some key points to keep in mind when making your decision:

","Choosing the right insurance for your needs can be a bit tricky, but we're here to help make the process simple.

",31,30,17.5453125,3.9628906250000004,concise
What are the key principles of quantum mechanics?,1. Wave-Particle Duality: This principle states that every particle exhibits both wave-like and particle-like properties. For,1. Wave-Particle Duality: This principle states that every particle can behave like a wave. This idea was first introduced by Max,1. Wave-particle duality: a basic axiom of quantum mechanics is that every physical object or system can be a particle or,31,30,17.5453125,3.9628906250000004,concise
What strategies can I use to enhance my creative thinking?,"1. Diversify your experiences: Expose yourself to new environments, cultures, and perspectives to broaden your thinking and stimulate creativity.","1. **Divergent thinking:** This technique involves thinking of as many ideas as possible. It breaks away from conventionality. For example, if","1. Divergent thinking: brainstorming, mind-mapping, brain dumping, free writing, random word exercises, brainstorming with",31,30,17.5453125,3.9628906250000004,concise
What are the benefits of practicing active listening in a relationship?,"Active listening is a crucial skill in any relationship, as it helps to build trust, understanding, and emotional connection. Here are some benefits of practicing active","Active listing is crucial for any successful relationship. Here are some key benefits:

1. **Improved Communication**: Active listing helps clarify","1. Improved communication: Active listening improves the quality of communication by reducing miscommunication and increasing the speed of problem-solving.
",31,30,17.5453125,3.9628906250000004,concise
What are some signs that my partner is truly invested in the relationship?,"1. Communication: A partner who is invested in the relationship will communicate openly, honestly, and frequently. They will listen to your thoughts, feelings","1. Communication: They actively listen to you, express their thoughts and feelings honestly, and value your input. They make an effort to understand your",1. Communication: A partner who is invested in the relationship will make an effort to communicate effectively with you. They will be open about their feelings,31,30,17.5453125,3.9628906250000004,concise
How can teachers use formative assessments to guide instruction?,Formative assessments are a powerful tool for teachers to use in guiding instruction. Here are some ways teachers can use formative assessments to guide,"Formative assessments are brief, informal evaluations used to gauge student understanding. They provide valuable insight for teachers to adjust their instruction to meet individual","Formative assessments are quick, short activities that help teachers check for student learning in a quick and efficient way. They can be used to check for",31,30,17.5453125,3.9628906250000004,concise
What are the implications of making decisions based on societal pressure?,"Making decisions based on societal pressure can have both positive and negative implications.

On the positive side, societal pressure can encourage conformity","When making decisions based solely on societal pressure, there are several key implications to consider. Firstly, it may lead to unhappiness or feelings","Making decisions based on societal pressure can have a number of negative consequences for an individual's personal growth, happiness, and self-esteem",31,30,17.5453125,3.9628906250000004,concise
What is the function of the lymphatic system?,"The lymphatic system is a network of vessels, organs, and tissues that work together to help fight infection and disease. It plays","- The primary function of the lymphatic system is to help remove excess fluid, called lymph, from the space between cells. L","The lymphatic system is a network of tissues and organs that help fight off infections by removing waste products, dead cells, bacteria",31,30,17.5453125,3.9628906250000004,concise
What steps should I take to prepare for retirement?,Preparing for retirement is an important step in your financial journey. Here are some steps you can take to help ensure you're on track:,Preparing for retirement is essential to ensure that you have enough savings to maintain your desired standard of living. Here are some key steps to follow:,"1. Start saving early: the longer you save, the more money you'll have for retirement.
2. increase savings rate: save a",31,30,17.5453125,3.9628906250000004,concise
How do different learning styles affect teaching methods?,"Different learning styles can significantly impact teaching methods. Here's a brief overview:

1. Visual learners: These individuals learn best by","Different learning styles can greatly affect teaching methods. Here's why:

1. Visual learners: These individuals learn best when they see",Differences in learning styles can have a significant impact on teaching methods. Teaching methods need to be flexible to cater to a diverse group of learn,31,30,17.5453125,3.9628906250000004,concise
What impact does socioeconomic status have on educational opportunities?,Socioeconomic status (SES) plays a significant role in shaping educational opportunities and outcomes. Here are some ways SES can impact,Socioeconomic status (SES) has a significant impact on educational opportunities. Students from lower-income families often face barriers to success,"Socioeconomic status (SES) can have a significant impact on a student's educational opportunities in a number of ways:

",31,30,17.5453125,3.9628906250000004,concise
What are the signs that indicate a friendship might be toxic?,"1. One-Sided: A friendship should be mutual, but if one person is always putting in more effort than the other, it can be","Friendship is important to us. It provides us with companionship, support, and happiness. But sometimes, even friendships can turn sour. Here","1. Lack of trust: if a friend constantly gaslights you or spreads rumors about you, it's a sign of a toxic",31,30,17.5453125,3.9628906250000004,concise
What are the signs that my child might be struggling with anxiety?,"Anxiety can manifest in many ways in children, and it's important to remember that everyone is unique. However, here are some common signs","Children may experience anxiety just like adults. Here are some signs to watch for:
- excessive worry or excessive problems with separation;
- frequent complaints","- Excessive worry or fear
- sleep problems
- physical symptoms (stomach aches, headaches, muscle tension)
-",31,30,17.5453125,3.9628906250000004,concise
What steps can I take to become more financially literate?,"1. Educate Yourself: Start by reading books, articles, and blogs on personal finance. Some recommended books include ""Rich Dad Poor Dad""","Becoming financially literate is important for making informed decisions about your money. Here are some steps to help you get started:

1.","1. Start by getting a basic understanding of personal finance:

* learn basic budgeting principles
* learn about credit and credit scores
*",31,30,17.5453125,3.9628906250000004,concise
What should I consider when discussing sensitive topics with my child?,"When discussing sensitive topics with your child, it is important to approach the conversation with empathy, openness, and a non-judgmental",- Use appropriate language. Use words and explanations that your child understands. Avoid using unnecessary technical terms. Use brief explanations and concise sentences.,"1. Age-Appropriate: Tailor the conversation to your child's age, developmental level, and emotional maturity.
",31,30,17.5453125,3.9628906250000004,concise
How can I prioritize my financial goals to achieve long-term stability?,Prioritizing your financial goals is essential for achieving long-term stability. Here's a step-by-step guide to help you prior,"Prioritizing your financial goals is essential for achieving long-term stability. Here's a simple list to organize your objectives.

1",Prioritizing your financial goals is a smart way to work towards long-term financial stability. Here's a simple step-by-step,31,30,17.5453125,3.9628906250000004,concise
What should I consider when planning a vacation?,"When planning a vacation, there are several factors to consider to ensure a memorable and enjoyable experience:

1. Budget: Determine your budget","When planning a vacation, there are several key points to consider to ensure that you have a memorable and enjoyable experience. Here are some tips to help you","1. Budget: Determine a budget for the trip, including travel expenses, accommodation, food, activities, and any other expenses you plan to",31,30,17.5453125,3.9628906250000004,concise
What should I consider when pursuing a new educational opportunity?,"When pursuing a new educational opportunity, it's essential to consider several factors to ensure it aligns with your career goals, personal interests, and","When considering a new educational opportunity, here are some key points to consider:

1. **Relevance to your goals**: Make sure the","1. Align with personal goals: Make sure the new educational opportunity aligns with your short-term and long- term goals.

2",31,30,17.5453125,3.9628906250000004,concise
How does version control improve collaboration among developers?,"Version control systems (VCS) are essential tools for managing and collaborating on software projects. Here's how they help:

1.","Version control systems (VCS) like Git, SVN, etc. help developers to collaborate efficiently by providing features like:

1.",Version control systems (VCS) play a crucial role in improving collaboration among developers by managing changes to codebases in a structured way. Here',31,30,17.5453125,3.9628906250000004,concise
What are some common misconceptions about self-care?,1. Self-care is selfish: This is a common misconception that self-care is only about pampering oneself and neglecting,"One common misconception about self-care is that it only pertains to physical health. People may think that only getting enough sleep, exercising",1. Self-care is selfish: self-care is not about being selfish or neglecting others. it's about taking care of oneself,31,30,17.5453125,3.9628906250000004,concise
How does the concept of gravity evolve across different cultures?,"The concept of gravity has a long and complex history, with different cultures developing their own understanding of the phenomenon at different times. Here's a brief","Gravity as a concept has been observed and tried to explain since ancient times. However, its formal description as a force acting everywhere between two masses,","Gravity as a physical force has been a basic human observation for thousands of years, but the scientific understanding of it has changed drastically over time due",31,30,17.5453125,3.9628906250000004,concise
What should I do if I feel like my partner is taking me for granted?,"If you feel like your partner is taking you for granted, it's important to communicate your feelings and concerns with them. Here are some steps you","Feeling like your partner is taking you for granted can be upsetting. Here are some steps you can take:

1. Communicate:","If you feel like your partner is taking you for granted, it's important to address the issue in a healthy and open way.

1",31,30,17.5453125,3.9628906250000004,concise
What are the advantages of having multiple income streams?,"Having multiple income streams can provide several benefits:

1. Financial Stability: Diversifying your income sources can help reduce financial instability","Having multiple income streams can provide several benefits. Here are some key advantages:

1. Financial stability: Having multiple sources of income reduces rel","1. Diversification: multiple income streams help reduce risk by reducing the negative impact of a decrease in one income stream.
2. Stability",31,30,17.5453125,3.9628906250000004,concise
What are the benefits of reducing sugar in my diet?,"Reducing sugar in your diet can have numerous benefits for your health. Here are some key advantages:

1. Weight Management: Excess",- Weight loss: Sugar-sweetened drinks and foods are major contributors to excess calories. Cutting back on added sugars may aid in weight,"1. Improved health: Reducing sugar intake can help reduce the risk of obesity, diabetes, heart disease, and other health",31,30,17.5453125,3.9628906250000004,concise
How does sleep affect mental health and emotional regulation?,"Sleep plays a crucial role in maintaining mental health and emotional regulation. During sleep, the brain undergoes various processes that help consolidate memories,","Sleep plays a crucial role in maintaining good mental health. Here's why:

1. Emotional regulation: During sleep, especially",Sleep plays a vital role in maintaining good mental health and emotional regulation. sleep deprivation can lead to a number of negative effects on the brain,31,30,17.5453125,3.9628906250000004,concise
How can I ensure confidentiality when discussing my issues with a professional?,"When discussing your issues with a professional, it's important to ensure confidentiality to feel comfortable and safe. Here are some steps you can take:","Confidentiality is essential when discussing personal matters. Here are some tips to maintain it:

1. Choose a reputable professional: Look for","1. Choose a trustworthy professional: Do your research to find a qualified mental health professional with a good reputation in the community.

2.",31,30,17.5453125,3.9628906250000004,concise
How can I make the most of my tax deductions?,"There are a number of ways to make the most of your tax deductions, including:

1. Keeping accurate records: It'",- Keep good records. Keep lists and receipts for everything. Keep lists and receipts for everything. Keep lists and receipts for,"1. Keep good records: keep a copy of all tax-related documents, including receipts for business expenses, proof of income, proof of",31,30,17.5453125,3.9628906250000004,concise
How can I deal with emotional eating habits?,"Emotional eating is a common problem that many people face. It's when you eat in response to feelings such as stress, sadness,","Emotional eating is defined as using food to satisfy needs otherwise listed as being fulfilled by hugs, praise, achievement, etc. It is","Emotional eating is a habit that can be hard to break, but it's not impossible. Here are a few steps you can take to",31,30,17.5453125,3.9628906250000004,concise
What are some effective strategies for brainstorming new ideas?,1. **Mind Mapping**: This technique involves creating a visual representation of ideas and connections between them. Start with a central idea and branch out,"Brainstorming new ideas can be a crucial part of creativity and problem-solving. Here are some effective strategies to help you generate ideas:
",1. ** brainstorming sessions: ** Gather a group of people with different backgrounds and brainstorm new ideas for a project or problem.,31,30,17.5453125,3.9628906250000004,concise
What methods can be used to resolve conflicts peacefully?,"1. Negotiation: This is a process where both parties discuss their concerns and try to reach a mutually acceptable solution.

2.","Conflict resolution can be achieved through several peaceful methods. Here are some key techniques:

1. **Communication**: Clear, concise",1. Negotiation: this is a process in which two or more people or groups try to reach an agreement by open communication and negotiation,31,30,17.5453125,3.9628906250000004,concise
How can I create a more fulfilling social life?,"Creating a more fulfilling social life involves building meaningful relationships, engaging in activities you enjoy, and maintaining a positive attitude. Here are some steps to","Creating a fulfilling social life requires effort, intention, and consistency. Here are some tips to help you:

1. Define your values","1. Cultivate a positive mindset: focus on the good in people, be open- minded, be optimistic, be a",31,30,17.5453125,3.9628906250000004,concise
How can I stay consistent with my fitness commitment?,"Staying consistent with your fitness commitment can be challenging, but here are some tips that might help:

1. Set clear goals: Having","Staying consistent with your fitness commitment can sometimes feel like a struggle. Here are some tips to help:

1. Set clear goals:","1. Set realistic goals: start small and build up over time.
2. Make a plan: schedule workouts in advance and make a list",31,30,17.5453125,3.9628906250000004,concise
How can you develop emotional intelligence?,"1. Self-awareness: Recognize your emotions and how they affect your thoughts and behavior.
2. Self-regulation: Man","Emotional intelligence is crucial for success in life. It helps us understand ourselves and others, communicate effectively, and navigate relationships. Here are some tips","1. self-awareness: start by getting to know yourself better.
2. self-regulation: learn to manage your emotions better.",31,30,17.5453125,3.9628906250000004,concise
What are the risks and benefits of investing in the stock market?,"Investing in the stock market can offer several potential benefits, such as the opportunity for long-term growth, diversification, and the potential for","Investing in the stock market can provide significant benefits, such as the potential for long-term capital appreciation, dividend income, and even passive","Investing in the stock market can be a risky venture, but it can also be a profitable one if done wisely.

R",31,30,17.5453125,3.9628906250000004,concise
How can I approach my partner about a recurring issue without sounding accusatory?,"Approaching a partner about a recurring issue can be challenging, but it's important to maintain open and respectful communication. Here are some steps","When addressing recurring issues with your partner, it’s essential to focus on your observations, feelings, and needs instead of placing blame. Here’","Addressing a recurring issue with a partner can be a tricky business, as you want to be open about your feelings without sounding accusatory",31,30,17.5453125,3.9628906250000004,concise
What are the implications of blockchain technology on data security?,"Blockchain technology has the potential to significantly improve data security in several ways. Here are some key points:

1. Decentralization:","Blockchain technology has significant implications for data security. Here are some key points:

1. Decentralization: Traditional data storage systems","Blockchain technology has the potential to significantly improve data security in a number of ways:

1. Decentralization: Blockchain technology elim",31,30,17.5453125,3.9628906250000004,concise
What are some methods for exploring new creative mediums?,"1. Research: Start by researching the medium you're interested in. Look at examples of work created by others, read books, watch tutorial","1. Take classes: Enroll in classes or workshops to learn new creative mediums. These classes can be found at local community centers, universities,","1. take a class: local community centers, online platforms like Skillshare or Udemy offer a variety of classes for beginners to learn",31,30,17.5453125,3.9628906250000004,concise
What are the essential components of a professional portfolio?,"A professional portfolio is a collection of your best work that showcases your skills, abilities, and achievements to potential employers or clients. Here are some essential","A professional portfolio for graphic designers or any other creative field typically includes:

1. **Introduction/Cover Letter:** This brief statement lists your","1. Introduction: a short summary of your personal brand, goals, and value as a designer.
2. Projects: a selection of your",31,30,17.5453125,3.9628906250000004,concise
What strategies can help me stay committed to a decision once it's made?,1. Write it down: Writing down your decision and the reasons behind it can help solidify it in your mind and make it feel more concrete.,"Staying committed to a decision once it's made can sometimes be challenging. Here are some strategies that may help:

1. Clar","1. Write it down: Write down the decision you've made, the reasons for it, and the benefits you expect to get from it.",31,30,17.5453125,3.9628906250000004,concise
How can community support networks strengthen mental well-being?,"Community support networks can play a crucial role in strengthening mental well-being by providing a sense of belonging, offering emotional support, and fostering","Community support networks can help to strengthen mental well-being in several key ways. Here are some examples:

1. Providing social connections","Community support networks can play a vital role in strengthening mental health by providing a sense of social connection, a sense of purpose, and a sense",31,30,17.5453125,3.9628906250000004,concise
How can I improve my balance and stability through exercise?,"Improving balance and stability is crucial for maintaining independence and reducing the risk of falls, especially as we age. Here are some exercises that can help","Improving balance and stability can help reduce the risk of falls, especially as we age. Here are some exercises that can help:

1",1. Yoga: Yoga is a great exercise for improving balance and stability. Yoga poses focus on improving balance by using a single leg,31,30,17.5453125,3.9628906250000004,concise
What is the impact of technology on education?,"Technology has had a profound impact on education, transforming the way students learn and teachers teach. Here are some key ways technology has influenced education","Technology has had a significant impact on education. Here are some key points:

1. Access to information: With the advent of the",The impact of technology on education is a hotly debated topic in the 21st century. Advocates of technology in the classroom argue,31,30,17.5453125,3.9628906250000004,concise
What strategies can help me stay focused while studying?,"Staying focused while studying can be challenging, but there are several strategies that can help:

1. **Create a Study Schedule:** Plan","Staying focused when studying can sometimes feel like an uphill battle. Here are some tips to help:

1. Create a suitable environment","1. create a study schedule: plan out a daily or weekly schedule for studying to help stay on track
2. find a study space: choose",31,30,17.5453125,3.9628906250000004,concise
How can I promote mental wellness in my workplace?,Promoting mental wellness in the workplace can have numerous benefits for both employees and the organization as a whole. Here are some strategies you might consider:,"Promoting mental wellness in your workplace can benefit not only your employees but also your bottom line. Here are some tips to get started:

","1. Create a positive work environment:

- Encourage open communication
- Foster a culture of teamwork
- Recognize employee",31,30,17.5453125,3.9628906250000004,concise
What are the signs that a coping strategy is becoming unhealthy?,"1. Avoidance: If you find yourself avoiding certain situations, people, or emotions, it could be a sign that your coping strategy has become","- Loss of pleasure or excessive use. If you no longer enjoy doing something unless you do it excessively, it may be time to seek help.","1. Avoidance: if a person is avoiding people, places, or things that trigger negative emotions or stress, it can be a sign that a",31,30,17.5453125,3.9628906250000004,concise
What are the best techniques for active listening?,"Active listening is a crucial skill for effective communication, especially in professional settings. Here are some techniques to help you become a better active listener:

","Active Listening is crucial for any form of meaningful communication. Here are some key points to focus on for active listing:

1. **G","1. Pay attention: give the other person your undivided attention.
2. be non-judgmental: avoid interrupting or",31,30,17.5453125,3.9628906250000004,concise
